Size,Time(s),GFLOPS
200,0.004033,3.97
500,0.062013,4.03
1000,0.671549,2.98
1500,2.247280,3.00
2000,5.315620,3.01
